{
    "loss": 0.4817620515823364,
    "accuracy": 0.9568965435028076
}